CREATE DATABASE QLShopGiay;
GO
USE QLShopGiay;
GO

-- 1. CẤU TRÚC BẢNG
CREATE TABLE PHUONG_THUC_TT (
    MaPT INT PRIMARY KEY IDENTITY(1,1),
    TenPT NVARCHAR(50) NOT NULL UNIQUE
);

CREATE TABLE DON_VI_TINH (
    MaDVT VARCHAR(10) PRIMARY KEY,
    TenDVT NVARCHAR(50) NOT NULL
);

CREATE TABLE LOAI_HANG (
    MaLoai VARCHAR(10) PRIMARY KEY,
    TenLoai NVARCHAR(100) NOT NULL
);

CREATE TABLE NHA_SAN_XUAT (
    MaNSX VARCHAR(10) PRIMARY KEY,
    TenNSX NVARCHAR(100) NOT NULL,
    DiaChi NVARCHAR(MAX),
    SDT VARCHAR(15)
);

CREATE TABLE MAU_SAC (
    MaMau VARCHAR(10) PRIMARY KEY,
    TenMau NVARCHAR(50) NOT NULL
);

CREATE TABLE SIZE_GIAY (
    MaSize VARCHAR(10) PRIMARY KEY,
    TenSize NVARCHAR(20) NOT NULL
);

CREATE TABLE VAI_TRO (
    MaVT VARCHAR(10) PRIMARY KEY,
    TenVT NVARCHAR(50) NOT NULL
);

CREATE TABLE SAN_PHAM (
    MaSP VARCHAR(20) PRIMARY KEY,
    TenSP NVARCHAR(200) NOT NULL,
    MaLoai VARCHAR(10),
    MaNSX VARCHAR(10),
    MaDVT VARCHAR(10),
    GiaBan DECIMAL(18,2) DEFAULT 0,
    IsDeleted BIT DEFAULT 0,
    CONSTRAINT CK_GiaBan CHECK (GiaBan >= 0),
    FOREIGN KEY (MaLoai) REFERENCES LOAI_HANG(MaLoai),
    FOREIGN KEY (MaNSX) REFERENCES NHA_SAN_XUAT(MaNSX),
    FOREIGN KEY (MaDVT) REFERENCES DON_VI_TINH(MaDVT)
);
CREATE TABLE BIEN_THE_SP (
    MaBienThe INT IDENTITY(1,1) PRIMARY KEY,
    MaSP VARCHAR(20),
    MaSize VARCHAR(10),
    MaMau VARCHAR(10),
    SKU VARCHAR(50) UNIQUE,
    IsDeleted BIT DEFAULT 0,
    CONSTRAINT UQ_BienThe_Logic UNIQUE (MaSP, MaSize, MaMau),
    FOREIGN KEY (MaSP) REFERENCES SAN_PHAM(MaSP),
    FOREIGN KEY (MaSize) REFERENCES SIZE_GIAY(MaSize),
    FOREIGN KEY (MaMau) REFERENCES MAU_SAC(MaMau)
);

CREATE TABLE ANH_SP (
    MaAnh INT IDENTITY(1,1) PRIMARY KEY,
    MaSP VARCHAR(20),
    DuongDan NVARCHAR(255) NOT NULL,
    LaAnhChinh BIT DEFAULT 0,
    FOREIGN KEY (MaSP) REFERENCES SAN_PHAM(MaSP) ON DELETE CASCADE
);

CREATE TABLE NHAN_VIEN (
    MaNV VARCHAR(20) PRIMARY KEY,
    HoTen NVARCHAR(100) NOT NULL,
    NgaySinh DATE,
    Email VARCHAR(100) UNIQUE,
    CONSTRAINT CK_Email_Format CHECK (Email LIKE '%_@_%._%'),
    IsDeleted BIT DEFAULT 0
);

CREATE TABLE TAI_KHOAN (
    MaTK VARCHAR(20) PRIMARY KEY,
    MaNV VARCHAR(20) NULL,
    TenDangNhap VARCHAR(50) UNIQUE NOT NULL,
    Salt UNIQUEIDENTIFIER DEFAULT NEWID(),
    MatKhau VARBINARY(MAX) NOT NULL,
    MaVT VARCHAR(10),
    IsDeleted BIT NOT NULL DEFAULT 0, 
    FOREIGN KEY (MaNV) REFERENCES NHAN_VIEN(MaNV),
    FOREIGN KEY (MaVT) REFERENCES VAI_TRO(MaVT)
);

CREATE TABLE YEU_CAU_DANG_KY (
    MaYeuCau INT PRIMARY KEY IDENTITY(1,1),
    TenDangNhap NVARCHAR(50) NOT NULL UNIQUE,
    HoTen NVARCHAR(100) NOT NULL,
    MatKhau VARBINARY(MAX) NOT NULL,
    Salt UNIQUEIDENTIFIER NOT NULL,
    MaNV NVARCHAR(20) NULL,
    NgayTao DATETIME DEFAULT GETDATE(),
    TrangThai NVARCHAR(20) DEFAULT N'ChoXet',
    GhiChu NVARCHAR(500),
    Email NVARCHAR(100) NULL
);

CREATE TABLE KHO (
    MaKho VARCHAR(10) PRIMARY KEY,
    TenKho NVARCHAR(100) NOT NULL,
    DiaChi NVARCHAR(MAX)
);

CREATE TABLE TON_KHO (
    MaKho VARCHAR(10),
    MaBienThe INT,
    SoLuongTon INT DEFAULT 0,
    PRIMARY KEY (MaKho, MaBienThe),
    CONSTRAINT CK_TonKho_KhongAm CHECK (SoLuongTon >= 0),
    FOREIGN KEY (MaKho) REFERENCES KHO(MaKho),
    FOREIGN KEY (MaBienThe) REFERENCES BIEN_THE_SP(MaBienThe)
);

CREATE TABLE PHIEU_NHAP (
    MaPN VARCHAR(20) PRIMARY KEY,
    NgayNhap DATETIME DEFAULT GETDATE(),
    MaKho VARCHAR(10),
    MaNSX VARCHAR(10),
    FOREIGN KEY (MaKho) REFERENCES KHO(MaKho),
    FOREIGN KEY (MaNSX) REFERENCES NHA_SAN_XUAT(MaNSX)
);

CREATE TABLE CT_PHIEU_NHAP (
    MaPN VARCHAR(20),
    MaBienThe INT,
    SoLuong INT CHECK (SoLuong > 0),
    GiaNhap DECIMAL(18,2) CHECK (GiaNhap >= 0),
    PRIMARY KEY (MaPN, MaBienThe),
    FOREIGN KEY (MaPN) REFERENCES PHIEU_NHAP(MaPN),
    FOREIGN KEY (MaBienThe) REFERENCES BIEN_THE_SP(MaBienThe)
);

CREATE TABLE KHACH_HANG (
    MaKH VARCHAR(20) PRIMARY KEY,
    TenKH NVARCHAR(100) NOT NULL,
    SDT VARCHAR(15),
    DiaChi NVARCHAR(MAX)
);

CREATE TABLE HOA_DON (
    MaHD VARCHAR(20) PRIMARY KEY,
    NgayLap DATETIME DEFAULT GETDATE(),
    MaKH VARCHAR(20),
    MaTK VARCHAR(20),
    MaKho VARCHAR(10),
    MaPT INT,
    TongTien DECIMAL(18,2) DEFAULT 0,
    TrangThai NVARCHAR(50),
    FOREIGN KEY (MaKH) REFERENCES KHACH_HANG(MaKH),
    FOREIGN KEY (MaTK) REFERENCES TAI_KHOAN(MaTK),
    FOREIGN KEY (MaKho) REFERENCES KHO(MaKho),
    FOREIGN KEY (MaPT) REFERENCES PHUONG_THUC_TT(MaPT)
);

CREATE TABLE CT_HOA_DON (
    MaHD VARCHAR(20),
    MaBienThe INT,
    SoLuong INT CHECK (SoLuong > 0),
    GiaBan DECIMAL(18,2),
    PRIMARY KEY (MaHD, MaBienThe),
    FOREIGN KEY (MaHD) REFERENCES HOA_DON(MaHD),
    FOREIGN KEY (MaBienThe) REFERENCES BIEN_THE_SP(MaBienThe)
);
GO

-- 2. INDEXES & TRIGGERS
CREATE UNIQUE INDEX UIX_AnhChinh_DuyNhat ON ANH_SP(MaSP) WHERE LaAnhChinh = 1;
CREATE INDEX IX_TonKho_Lookup ON TON_KHO(MaKho, MaBienThe);
CREATE INDEX IX_BienThe_MaSP ON BIEN_THE_SP(MaSP);
CREATE INDEX IX_HoaDon_NgayLap ON HOA_DON(NgayLap);
CREATE INDEX IX_CTHD_MaHD ON CT_HOA_DON(MaHD);
GO

CREATE OR ALTER TRIGGER TRG_UpdateKho_Nhap ON CT_PHIEU_NHAP AFTER INSERT AS
BEGIN
    SET NOCOUNT ON;
    INSERT INTO TON_KHO (MaKho, MaBienThe, SoLuongTon)
    SELECT DISTINCT PN.MaKho, i.MaBienThe, 0
    FROM inserted i
    JOIN PHIEU_NHAP PN ON i.MaPN = PN.MaPN
    WHERE NOT EXISTS (SELECT 1 FROM TON_KHO TK WHERE TK.MaKho = PN.MaKho AND TK.MaBienThe = i.MaBienThe);

    UPDATE TK SET TK.SoLuongTon = TK.SoLuongTon + sub.TongNhap
    FROM TON_KHO TK
    INNER JOIN (
        SELECT PN.MaKho, i.MaBienThe, SUM(i.SoLuong) as TongNhap
        FROM inserted i JOIN PHIEU_NHAP PN ON i.MaPN = PN.MaPN GROUP BY PN.MaKho, i.MaBienThe
    ) sub ON TK.MaKho = sub.MaKho AND TK.MaBienThe = sub.MaBienThe;
END;
GO

CREATE OR ALTER TRIGGER TRG_UpdateKho_Xuat ON CT_HOA_DON AFTER INSERT AS
BEGIN
    SET NOCOUNT ON;
    IF EXISTS (
        SELECT 1 FROM inserted i
        JOIN HOA_DON HD ON i.MaHD = HD.MaHD
        JOIN TON_KHO TK ON TK.MaKho = HD.MaKho AND TK.MaBienThe = i.MaBienThe
        WHERE TK.SoLuongTon < i.SoLuong
    )
    BEGIN
        RAISERROR(N'Lỗi: Không đủ số lượng tồn kho!', 16, 1);
        ROLLBACK TRANSACTION; RETURN;
    END

    UPDATE TK SET TK.SoLuongTon = TK.SoLuongTon - i.SoLuong
    FROM TON_KHO TK
    JOIN inserted i ON TK.MaBienThe = i.MaBienThe
    JOIN HOA_DON HD ON i.MaHD = HD.MaHD AND TK.MaKho = HD.MaKho;
END;
GO

CREATE OR ALTER TRIGGER TRG_UpdateTongTien ON CT_HOA_DON AFTER INSERT, UPDATE, DELETE AS
BEGIN
    SET NOCOUNT ON;
    UPDATE HOA_DON
    SET TongTien = (SELECT COALESCE(SUM(SoLuong * GiaBan), 0) FROM CT_HOA_DON WHERE MaHD = HOA_DON.MaHD)
    WHERE MaHD IN (SELECT MaHD FROM inserted UNION SELECT MaHD FROM deleted);
END;
GO

-- 3. DỮ LIỆU MẪU
INSERT INTO PHUONG_THUC_TT (TenPT) VALUES (N'Tiền mặt'), (N'Chuyển khoản'), (N'Ví Momo'), (N'Thẻ Visa'), (N'Apple Pay');
INSERT INTO DON_VI_TINH VALUES ('DVT01', N'Đôi'), ('DVT02', N'Chiếc'), ('DVT03', N'Hộp');
INSERT INTO LOAI_HANG VALUES ('LH01', N'Sneaker'), ('LH02', N'Giày Tây'), ('LH03', N'Chạy bộ');
INSERT INTO MAU_SAC VALUES ('M01', N'Trắng'), ('M02', N'Đen'), ('M03', N'Xám');
INSERT INTO SIZE_GIAY VALUES ('S39', '39'), ('S40', '40'), ('S41', '41'), ('S42', '42');
INSERT INTO NHA_SAN_XUAT VALUES ('NSX01', N'Nike', N'USA', '0123'), ('NSX02', N'Adidas', N'GER', '0456'), ('NSX03', N'Bitis', N'VN', '0789');
INSERT INTO VAI_TRO VALUES ('VT01', N'Admin'), ('VT02', N'Kế toán'), ('VT03', N'Bán hàng'), ('VT04', N'Thủ kho');
INSERT INTO KHO VALUES ('K01', N'Kho Tổng HCM', N'Quận 12'), ('K02', N'Kho CN Quận 1', N'Lê Lợi');

INSERT INTO SAN_PHAM (MaSP, TenSP, MaLoai, MaNSX, MaDVT, GiaBan) VALUES 
('SP01', N'Nike Air Force 1', 'LH01', 'NSX01', 'DVT01', 2800000),
('SP02', N'Adidas Ultraboost', 'LH03', 'NSX02', 'DVT01', 4500000);

INSERT INTO BIEN_THE_SP (MaSP, MaSize, MaMau, SKU) VALUES 
('SP01', 'S40', 'M01', 'AF1-40-W'), ('SP01', 'S41', 'M01', 'AF1-41-W'),
('SP02', 'S41', 'M02', 'UB-41-B'), ('SP02', 'S42', 'M02', 'UB-42-B');

INSERT INTO NHAN_VIEN (MaNV, HoTen, NgaySinh, Email) VALUES 
('NV01', N'Nguyễn Văn Trị', '1990-01-01', 'admin@shop.com'),
('NV02', N'Lê Thị Kế', '1995-02-02', 'ketoan@shop.com'),
('NV03', N'Trần Văn Bán', '1998-03-03', 'sale@shop.com'),
('NV04', N'Hoàng Văn Kho', '1994-04-04', 'kho@shop.com');

-- Tài khoản sẽ có IsDeleted = 0 mặc định
INSERT INTO TAI_KHOAN (MaTK, MaNV, TenDangNhap, MatKhau, MaVT) VALUES 
('TK01', 'NV01', 'admin', 0x, 'VT01'),
('TK02', 'NV02', 'ketoan1', 0x, 'VT02'),
('TK03', 'NV03', 'sale1', 0x, 'VT03'),
('TK04', 'NV04', 'kho1', 0x, 'VT04');

DECLARE @S1 UNIQUEIDENTIFIER = NEWID();
DECLARE @S2 UNIQUEIDENTIFIER = NEWID();
DECLARE @S3 UNIQUEIDENTIFIER = NEWID();
DECLARE @S4 UNIQUEIDENTIFIER = NEWID();

UPDATE TAI_KHOAN SET Salt=@S1, MatKhau=HASHBYTES('SHA2_512', CAST(@S1 AS VARCHAR(36))+'123') WHERE TenDangNhap='admin';
UPDATE TAI_KHOAN SET Salt=@S2, MatKhau=HASHBYTES('SHA2_512', CAST(@S2 AS VARCHAR(36))+'123') WHERE TenDangNhap='ketoan1';
UPDATE TAI_KHOAN SET Salt=@S3, MatKhau=HASHBYTES('SHA2_512', CAST(@S3 AS VARCHAR(36))+'123') WHERE TenDangNhap='sale1';
UPDATE TAI_KHOAN SET Salt=@S4, MatKhau=HASHBYTES('SHA2_512', CAST(@S4 AS VARCHAR(36))+'123') WHERE TenDangNhap='kho1';

INSERT INTO PHIEU_NHAP (MaPN, MaKho, MaNSX) VALUES ('PN01', 'K01', 'NSX01');

DECLARE @MaBT_Nhap INT = (SELECT MaBienThe FROM BIEN_THE_SP WHERE SKU = 'AF1-40-W');
INSERT INTO CT_PHIEU_NHAP (MaPN, MaBienThe, SoLuong, GiaNhap) VALUES ('PN01', @MaBT_Nhap, 100, 1500000);

INSERT INTO KHACH_HANG (MaKH, TenKH, SDT, DiaChi) VALUES ('KH01', N'Khách lẻ', '0900000000', N'HCM');

INSERT INTO HOA_DON (MaHD, MaKH, MaTK, MaKho, MaPT, TrangThai) VALUES ('HD01', 'KH01', 'TK03', 'K01', 1, N'Đã thanh toán');
INSERT INTO CT_HOA_DON (MaHD, MaBienThe, SoLuong, GiaBan) VALUES ('HD01', @MaBT_Nhap, 2, 2800000);
GO
SELECT
    TenDangNhap,
    Salt,
    DATALENGTH(MatKhau) AS HashLength
FROM TAI_KHOAN
WHERE TenDangNhap='admin'

-- Kiểm tra nếu chưa có cột DiemTichLuy thì tự động thêm vào bảng KHACH_HANG
IF NOT EXISTS (SELECT * FROM INFORMATION_SCHEMA.COLUMNS 
               WHERE TABLE_NAME = 'KHACH_HANG' AND COLUMN_NAME = 'DiemTichLuy')
BEGIN
    ALTER TABLE KHACH_HANG ADD DiemTichLuy INT DEFAULT 0;
END
GO

-- Cập nhật mặc định cho các khách hàng cũ chưa có điểm (tránh bị lỗi NULL)
UPDATE KHACH_HANG SET DiemTichLuy = 0 WHERE DiemTichLuy IS NULL;
Go